<?xml version="1.0" encoding="utf-8"?>
<SDP version="1.1">
<!-- 폰 기본 profile(phonebook.xml) 과 동일함 -->
  <Phonebook>
    <MaxItemCount value="65535" />
    <GUITemplate value="ANDROID"/>
    <PhotoSize accessibility="all" value="138*138"/>
    <MultipleAccount value="TRUE"/>
    <SupportSync value="FALSE"/>
    <DialChar value="+*#,;()/N. "/> 
    <Enums>
      <Enum name="TEL_TYPE" >
        <Element name="Landline.Private"/>
        <Element name="Mobile.Private" />
        <Element name="Landline.Business"/>
        <Element name="Fax.Business"/>
        <Element name="Fax.Private"/>
        <Element name="Pager"/>
        <Element name="Etc"/>
        <Element name="Custom"/>
      </Enum>

      <Enum name="GENERAL_TYPE">
        <Element name="Private"/>
        <Element name="Office" />
        <Element name="Other" />
        <Element name="Custom" />
      </Enum>

      <Enum name="ADDRESS_TYPE" DataLength="1">
        <Element name="Private" value="1" />
        <Element name="Office" value="2" />
        <Element name="Other" value="3" />
        <Element name="Custom" value="3" />
      </Enum>

      <Enum name="ORG_TYPE" DataLength="1">
        <Element name="Office" value="2" />
        <Element name="Other" value="3" />
        <Element name="Custom" value="3" />
      </Enum>

      <Enum name="MESSENGER_TYPE" >
        <Element name="GoogleTalk"/> 
        <Element name="AIM" />
        <Element name="WindowsLive"/>
        <Element name="Yahoo"/>
        <Element name="Skype"/>
        <Element name="QQ"/>
        <Element name="ICQ"/>
        <Element name="Jabber"/>
        <Element name="Custom"/>
      </Enum>
    </Enums>

    <DataField>
      <Names>
        <FirstName type="String" charset="utf-16" MaxLength="2000"/>

<MiddleName 	type="String" charset="utf-16" MaxLength="2000"  />

<LastName type="String" charset="utf-16" MaxLength="2000"/>

<TitleName type="String" charset="utf-16" MaxLength="2000" />
        <SuffixName type="String" charset="utf-16" MaxLength="2000"/>
        <ReadingFirstName type="String" charset="utf-16" MaxLength="2000"/>
        <ReadingMiddleName type="String" charset="utf-16" MaxLength="2000"/>
        <ReadingLastName type="String" charset="utf-16" MaxLength="2000"/>
      </Names>
      <Photo>
	<PhotoType Type="Image" /> 
      </Photo>

      <TelNumbers>
        <TelNumber Count="10">
          <TelType 	Type="TEL_TYPE" Value="1"/>
          <TelNum 	Type="String" charset="utf-16"	MaxLength="2000" />
        </TelNumber>
      </TelNumbers>

      <Emails>
        <Email Count="10">
          <EmailType Type="EMAIL_TYPE" Value="1"/>
          <EmailAddr Type="String" charset="utf-16" MaxLength="2000" />
        </Email>
      </Emails>

      <MessengerIDs>
        <MessengerID count ="10">
          <MessengerType Type ="MESSENGER_TYPE" value="1"/>
          <MessengerAddr Type ="String" charset="utf-16" MaxLength="2000" />
        </MessengerID>
      </MessengerIDs>

      <Addresses>
        <address count="5">
          <AddrType 	type="ADDRESS_TYPE" 	value="1"/>
          <Street		type="String" charset="utf-16" maxLength="2000" />
          <PObox		type="String" charset="utf-16" maxLength="2000" />
          <Neighborhood	type="String" charset="utf-16" maxLength="2000" />
          <City		type="String" charset="utf-16" maxLength="2000" />
          <state		type="String" charset="utf-16" maxLength="2000" />
          <PostalCode	type="String" charset="utf-16" maxLength="2000" />
          <country	type="String" charset="utf-16" maxLength="2000" />
        </address>
      </Addresses>

      <Organizations>
        <Organization count="10">
          <OrganizationType type="ORG_TYPE" value="1"/>
          <Company 	type="String" charset="utf-16" maxLength="2000" />
          <Position	type="String" charset="utf-16" maxLength="2000" />
        </Organization>
      </Organizations>
      <Notes>
        <Note count="1">
          <Content type="String" charset="utf-16" maxLength="2000" />
        </Note>
      </Notes>
      <Nicknames>
        <Nickname count="1">
          <Name type="String" charset="utf-16" maxLength="2000" />
        </Nickname>
      </Nicknames>
      <Urls>
        <Url count="10">
          <UrlAddr type="String" charset="utf-16" maxLength="2000" />
        </Url>
      </Urls>
      <Birthday>
        <Birthday count="1">
          <BirthdayDate type="Date" />
        </Birthday>
      </Birthday>
      <Anniversary>
        <Anniversary count="1">
          <AnniversaryDate type="Date" />
        </Anniversary>
      </Anniversary>
    </DataField>
  </Phonebook>

  <PhonebookGroup>
    <MultipleAccount value="TRUE"/>
    <MaxItemCount value="65535" />
    <DataField>
      <Name type="String" charset="utf-16" maxLength="2000"/>
    </DataField>
  </PhonebookGroup>
</SDP>
